[{"id":"user-file-BTW202512.pdf","fileName":"BTW202512.pdf","name":"BTW202512","publicUrl":"np://user.desktop.nicepage.com/Site_64949383/files/BTW202512.pdf","size":565108},{"id":"user-file-BTW2025RLP.pdf","fileName":"BTW2025RLP.pdf","name":"BTW2025RLP","publicUrl":"np://user.desktop.nicepage.com/Site_64949383/files/BTW2025RLP.pdf","size":92202},{"id":"user-file-BesetzungAusschsseRteKreistag.pdf","fileName":"BesetzungAusschsseRteKreistag.pdf","name":"BesetzungAusschsseRteKreistag","publicUrl":"np://user.desktop.nicepage.com/Site_64949383/files/BesetzungAusschsseRteKreistag.pdf","size":58607},{"id":"user-file-Brgersprechstunde.png","fileName":"Brgersprechstunde.png","name":"Brgersprechstunde","publicUrl":"np://user.desktop.nicepage.com/Site_64949383/files/Brgersprechstunde.png","size":263962},{"id":"user-file-CD-Handbuch_24_A3_web_144dpi.pdf","fileName":"CD-Handbuch_24_A3_web_144dpi.pdf","name":"CD-Handbuch_24_A3_web_144dpi","publicUrl":"np://user.desktop.nicepage.com/Site_64949383/files/CD-Handbuch_24_A3_web_144dpi.pdf","size":6524474},{"id":"user-file-Europawahl2024.pdf","fileName":"Europawahl2024.pdf","name":"Europawahl2024","publicUrl":"np://user.desktop.nicepage.com/Site_64949383/files/Europawahl2024.pdf","size":192453},{"id":"user-file-Flaggezeigen.pdf","fileName":"Flaggezeigen.pdf","name":"Flaggezeigen","publicUrl":"np://user.desktop.nicepage.com/Site_64949383/files/Flaggezeigen.pdf","size":123032},{"id":"user-file-Fraktionsmitglieder-1.pdf","fileName":"Fraktionsmitglieder-1.pdf","name":"Fraktionsmitglieder-1","publicUrl":"np://user.desktop.nicepage.com/Site_64949383/files/Fraktionsmitglieder-1.pdf","size":29274},{"id":"user-file-Fraktionsmitglieder.pdf","fileName":"Fraktionsmitglieder.pdf","name":"Fraktionsmitglieder","publicUrl":"np://user.desktop.nicepage.com/Site_64949383/files/Fraktionsmitglieder.pdf","size":26532},{"id":"user-file-FraktionsmitgliederSRRodalben.pdf","fileName":"FraktionsmitgliederSRRodalben.pdf","name":"FraktionsmitgliederSRRodalben","publicUrl":"np://user.desktop.nicepage.com/Site_64949383/files/FraktionsmitgliederSRRodalben.pdf","size":26917},{"id":"user-file-FraktionsmitgliederSchweix.pdf","fileName":"FraktionsmitgliederSchweix.pdf","name":"FraktionsmitgliederSchweix","publicUrl":"np://user.desktop.nicepage.com/Site_64949383/files/FraktionsmitgliederSchweix.pdf","size":26077},{"id":"user-file-FraktionsmitgliederVGRodalben.pdf","fileName":"FraktionsmitgliederVGRodalben.pdf","name":"FraktionsmitgliederVGRodalben","publicUrl":"np://user.desktop.nicepage.com/Site_64949383/files/FraktionsmitgliederVGRodalben.pdf","size":29413},{"id":"user-file-Haushaltsrede2025gro.pdf","fileName":"Haushaltsrede2025gro.pdf","name":"Haushaltsrede2025gro","publicUrl":"np://user.desktop.nicepage.com/Site_64949383/files/Haushaltsrede2025gro.pdf","size":69433},{"id":"user-file-Kreistagsmitglieder.pdf","fileName":"Kreistagsmitglieder.pdf","name":"Kreistagsmitglieder","publicUrl":"np://user.desktop.nicepage.com/Site_64949383/files/Kreistagsmitglieder.pdf","size":64893},{"id":"user-file-Spendeweb.pdf","fileName":"Spendeweb.pdf","name":"Spendeweb","publicUrl":"np://user.desktop.nicepage.com/Site_64949383/files/Spendeweb.pdf","size":125925},{"id":"user-file-Verbandsgemeinden.pdf","fileName":"Verbandsgemeinden.pdf","name":"Verbandsgemeinden","publicUrl":"np://user.desktop.nicepage.com/Site_64949383/files/Verbandsgemeinden.pdf","size":83775},{"id":"user-file-afdswp.png","fileName":"afdswp.png","name":"afdswp","publicUrl":"np://user.desktop.nicepage.com/Site_64949383/files/afdswp.png","size":20335}]
