[{"id":"user-image-475025077_586155360928729_7572049363532022051_n.jpg","publicUrl":"np://user.desktop.nicepage.com/Site_64949383/images/475025077_586155360928729_7572049363532022051_n.jpg","size":46990,"hash":"VMvwpbdNHEbXJPYu9xtSzFuHMdo=","fileName":"475025077_586155360928729_7572049363532022051_n.jpg","name":"475025077_586155360928729_7572049363532022051_n","width":736,"height":834,"thumbnail":{"url":"np://user.desktop.nicepage.com/Site_64949383/images/thumbnails/475025077_586155360928729_7572049363532022051_n.jpg","width":221,"height":250}},{"id":"user-image-AfD_Logo_RGB_NEG.png","publicUrl":"np://user.desktop.nicepage.com/Site_64949383/images/AfD_Logo_RGB_NEG.png","size":37940,"hash":"Mcxall3p/ULwVkYOLv7Zeq1HTJo=","fileName":"AfD_Logo_RGB_NEG.png","name":"AfD_Logo_RGB_NEG","width":1684,"height":1191,"thumbnail":{"url":"np://user.desktop.nicepage.com/Site_64949383/images/thumbnails/AfD_Logo_RGB_NEG.png","width":250,"height":177}},{"id":"user-image-Brgersprechstunde.png","publicUrl":"np://user.desktop.nicepage.com/Site_64949383/images/Brgersprechstunde.png","size":263962,"hash":"br6Y9wLeITDRpwW6BpYLQCgtXcw=","fileName":"Brgersprechstunde.png","name":"Brgersprechstunde","width":960,"height":1080,"thumbnail":{"url":"np://user.desktop.nicepage.com/Site_64949383/images/thumbnails/Brgersprechstunde.png","width":222,"height":250}},{"id":"user-image-Friedenspartei.png","publicUrl":"np://user.desktop.nicepage.com/Site_64949383/images/Friedenspartei.png","size":143773,"hash":"CEgNRDS6jLggYwjk4ZV5pKlhuTA=","fileName":"Friedenspartei.png","name":"Friedenspartei","width":611,"height":197,"thumbnail":{"url":"np://user.desktop.nicepage.com/Site_64949383/images/thumbnails/Friedenspartei.png","width":250,"height":81}},{"id":"user-image-blaustattbunt.jpg","publicUrl":"np://user.desktop.nicepage.com/Site_64949383/images/blaustattbunt.jpg","size":50878,"hash":"vIatIgV6xp0m735mpUx8GsDnvtU=","fileName":"blaustattbunt.jpg","name":"blaustattbunt","width":600,"height":531,"thumbnail":{"url":"np://user.desktop.nicepage.com/Site_64949383/images/thumbnails/blaustattbunt.jpg","width":250,"height":221}},{"id":"user-image-fgfg-min.jpg","publicUrl":"np://user.desktop.nicepage.com/Site_64949383/images/fgfg-min.jpg","size":177074,"hash":"F6RG+UDkfpZqA8nV2NpU8NEj2/k=","fileName":"fgfg-min.jpg","name":"fgfg-min","width":1920,"height":1003,"thumbnail":{"url":"np://user.desktop.nicepage.com/Site_64949383/images/thumbnails/fgfg-min.jpg","width":250,"height":131},"originalUrl":"//images01.nicepage.com/c461c07a441a5d220e8feb1a/69e5d54054fb5258b6602405/fgfg-min.jpg"}]
