[{"id":296508353,"title":"Blog Template","order":1,"templateKey":"blog","customTemplate":false,"customTemplateFilename":null,"pageLinks":[],"dateCreated":"2025-04-09T22:02:31.926Z","dateUpdated":"2025-04-09T22:02:40.889Z","folderId":null,"pageName":"Blog Template","serverPageId":null,"sectionCount":1,"status":2,"backwardUrl":null},{"id":762907255,"title":"Post Template","order":2,"templateKey":"post","customTemplate":false,"customTemplateFilename":null,"pageLinks":[],"dateCreated":"2025-04-09T22:02:33.034Z","dateUpdated":"2025-04-09T22:02:40.890Z","folderId":null,"pageName":"Post Template","serverPageId":null,"sectionCount":1,"status":2,"backwardUrl":null},{"id":2693926651,"title":"Product List Template","order":3,"templateKey":"products","customTemplate":false,"customTemplateFilename":null,"pageLinks":[],"dateCreated":"2025-04-09T22:02:33.704Z","dateUpdated":"2025-04-09T22:02:40.891Z","folderId":null,"pageName":"Product List Template","serverPageId":null,"sectionCount":1,"status":2,"backwardUrl":null},{"id":84722802,"title":"Product Details Template","order":4,"templateKey":"product","customTemplate":false,"customTemplateFilename":null,"pageLinks":[],"dateCreated":"2025-04-09T22:02:34.523Z","dateUpdated":"2025-04-09T22:02:40.892Z","folderId":null,"pageName":"Product Details Template","serverPageId":null,"sectionCount":1,"status":2,"backwardUrl":null},{"id":884513036,"title":"Shopping Cart Template","order":5,"templateKey":"cart","customTemplate":false,"customTemplateFilename":null,"pageLinks":[],"dateCreated":"2025-04-09T22:02:35.157Z","dateUpdated":"2025-04-09T22:02:40.892Z","folderId":null,"pageName":"Shopping Cart Template","serverPageId":null,"sectionCount":1,"status":2,"backwardUrl":null},{"id":38383699,"title":"Checkout Template","order":6,"templateKey":"checkout","customTemplate":false,"customTemplateFilename":null,"pageLinks":[],"dateCreated":"2025-04-09T22:02:36.162Z","dateUpdated":"2025-04-09T22:02:40.893Z","folderId":null,"pageName":"Checkout Template","serverPageId":null,"sectionCount":1,"status":2,"backwardUrl":null},{"id":143620430,"title":"Login Template","order":7,"templateKey":"login","customTemplate":false,"customTemplateFilename":null,"pageLinks":[],"dateCreated":"2025-04-09T22:02:36.740Z","dateUpdated":"2025-04-09T22:02:40.893Z","folderId":null,"pageName":"Login Template","serverPageId":null,"sectionCount":1,"status":2,"backwardUrl":null},{"id":176382444,"title":"Search Page Template","order":8,"templateKey":"Search","customTemplate":false,"customTemplateFilename":null,"pageLinks":[],"dateCreated":"2025-04-09T22:02:37.108Z","dateUpdated":"2025-04-09T22:02:40.893Z","folderId":null,"pageName":"Search Page Template","serverPageId":null,"sectionCount":1,"status":2,"backwardUrl":null},{"id":129463924,"title":"Page Password Template","order":9,"templateKey":"password","customTemplate":false,"customTemplateFilename":null,"pageLinks":[],"dateCreated":"2025-04-09T22:02:37.546Z","dateUpdated":"2025-04-09T22:02:40.894Z","folderId":null,"pageName":"Page Password Template","serverPageId":null,"sectionCount":1,"status":2,"backwardUrl":null},{"id":1121314148,"title":"404 Not Found Template","order":10,"templateKey":"404","customTemplate":false,"customTemplateFilename":null,"pageLinks":[],"dateCreated":"2025-04-09T22:02:37.881Z","dateUpdated":"2025-04-09T22:02:40.894Z","folderId":null,"pageName":"404 Not Found Template","serverPageId":null,"sectionCount":1,"status":2,"backwardUrl":null},{"id":30131148,"title":"Thank You Page Template","order":11,"templateKey":"ThankYou","customTemplate":false,"customTemplateFilename":null,"pageLinks":[],"dateCreated":"2025-04-09T22:02:38.172Z","dateUpdated":"2025-04-09T22:02:40.895Z","folderId":null,"pageName":"Thank You Page Template","serverPageId":null,"sectionCount":1,"status":2,"backwardUrl":null},{"id":268381943,"title":"Startseite","order":50,"templateKey":null,"customTemplate":false,"customTemplateFilename":null,"pageLinks":["994400247","219721120"],"dateCreated":"2025-04-09T22:02:51.264Z","dateUpdated":"2025-04-11T04:38:38.232Z","folderId":null,"pageName":"Startseite_268381943","serverPageId":null,"sectionCount":1,"status":2,"backwardUrl":null},{"id":43788487,"title":"Links","order":102,"templateKey":null,"customTemplate":false,"customTemplateFilename":null,"pageLinks":[],"dateCreated":"2025-04-10T00:31:33.513Z","dateUpdated":"2025-04-10T23:50:02.887Z","folderId":null,"pageName":"Links_43788487","serverPageId":null,"sectionCount":1,"status":2,"backwardUrl":null},{"id":131704572,"title":"Verschiedenes","order":103,"templateKey":null,"customTemplate":false,"customTemplateFilename":null,"pageLinks":["994400247","219721120"],"dateCreated":"2025-04-10T01:02:49.772Z","dateUpdated":"2025-04-11T03:22:30.394Z","folderId":null,"pageName":"Verschiedenes_131704572","serverPageId":null,"sectionCount":1,"status":2,"backwardUrl":null},{"id":288444429,"title":"flyer","order":104,"templateKey":null,"customTemplate":false,"customTemplateFilename":null,"pageLinks":[],"dateCreated":"2025-04-10T01:08:42.586Z","dateUpdated":"2025-04-10T01:09:37.640Z","folderId":null,"pageName":"flyer_288444429","serverPageId":null,"sectionCount":1,"status":2,"backwardUrl":null},{"id":956209766,"title":"Kontakt","order":105,"templateKey":null,"customTemplate":false,"customTemplateFilename":null,"pageLinks":[],"dateCreated":"2025-04-10T16:19:35.946Z","dateUpdated":"2025-04-10T21:58:20.206Z","folderId":null,"pageName":"Kontakt_956209766","serverPageId":null,"sectionCount":1,"status":2,"backwardUrl":null},{"id":2107307445,"title":"Reden","order":108,"templateKey":null,"customTemplate":false,"customTemplateFilename":null,"pageLinks":["994400247","219721120"],"dateCreated":"2025-04-10T22:00:39.206Z","dateUpdated":"2025-04-11T02:23:57.827Z","folderId":null,"pageName":"Reden_2107307445","serverPageId":null,"sectionCount":1,"status":2,"backwardUrl":null},{"id":593915734,"title":"Programme","order":109,"templateKey":null,"customTemplate":false,"customTemplateFilename":null,"pageLinks":[],"dateCreated":"2025-04-10T22:28:20.217Z","dateUpdated":"2025-04-10T22:49:19.300Z","folderId":null,"pageName":"Programme_593915734","serverPageId":null,"sectionCount":1,"status":2,"backwardUrl":null},{"id":127660028,"title":"Satzungen","order":110,"templateKey":null,"customTemplate":false,"customTemplateFilename":null,"pageLinks":["994400247","219721120"],"dateCreated":"2025-04-10T22:53:02.094Z","dateUpdated":"2025-04-11T02:30:58.625Z","folderId":null,"pageName":"Satzungen_127660028","serverPageId":null,"sectionCount":1,"status":2,"backwardUrl":null},{"id":126063297,"title":"Über uns","order":111,"templateKey":null,"customTemplate":false,"customTemplateFilename":null,"pageLinks":[],"dateCreated":"2025-04-10T23:14:40.022Z","dateUpdated":"2025-04-10T23:25:17.987Z","folderId":null,"pageName":"Über uns_126063297","serverPageId":null,"sectionCount":1,"status":2,"backwardUrl":null},{"id":219721120,"title":"Impressum","order":112,"templateKey":null,"customTemplate":false,"customTemplateFilename":null,"pageLinks":[],"dateCreated":"2025-04-11T00:27:46.309Z","dateUpdated":"2025-04-11T00:38:25.013Z","folderId":null,"pageName":"Impressum_219721120","serverPageId":null,"sectionCount":1,"status":2,"backwardUrl":null},{"id":994400247,"title":"Datenschutz","order":113,"templateKey":null,"customTemplate":false,"customTemplateFilename":null,"pageLinks":[],"dateCreated":"2025-04-11T00:38:48.028Z","dateUpdated":"2025-04-11T00:42:47.517Z","folderId":null,"pageName":"Datenschutz_994400247","serverPageId":null,"sectionCount":1,"status":2,"backwardUrl":null},{"id":93372882,"title":"Wahlen","order":114,"templateKey":null,"customTemplate":false,"customTemplateFilename":null,"pageLinks":["994400247","219721120"],"dateCreated":"2025-04-11T00:53:24.586Z","dateUpdated":"2025-04-11T03:17:34.553Z","folderId":null,"pageName":"Wahlen_93372882","serverPageId":null,"sectionCount":1,"status":2,"backwardUrl":null},{"id":567211350,"title":"Anträge","order":115,"templateKey":null,"customTemplate":false,"customTemplateFilename":null,"pageLinks":["994400247","219721120"],"dateCreated":"2025-04-11T02:34:57.012Z","dateUpdated":"2025-04-11T02:43:42.162Z","folderId":null,"pageName":"Anträge_567211350","serverPageId":null,"sectionCount":1,"status":2,"backwardUrl":null},{"id":550707854,"title":"Umfragen","order":116,"templateKey":null,"customTemplate":false,"customTemplateFilename":null,"pageLinks":["994400247","219721120"],"dateCreated":"2025-04-11T03:09:11.502Z","dateUpdated":"2025-04-11T04:13:28.422Z","folderId":null,"pageName":"Umfragen_550707854","serverPageId":null,"sectionCount":1,"status":2,"backwardUrl":null},{"id":46807457,"title":"Presse","order":117,"templateKey":null,"customTemplate":false,"customTemplateFilename":null,"pageLinks":["994400247","219721120"],"dateCreated":"2025-04-11T03:10:13.945Z","dateUpdated":"2025-04-11T04:00:16.674Z","folderId":null,"pageName":"Presse_46807457","serverPageId":null,"sectionCount":1,"status":2,"backwardUrl":null}]
